{"cameraMode":{"drawMode":0,"name":"Shaded","section":"Shading Mode"},"sceneLighting":true,"audioPlay":false,"sceneViewState":{"showFog":true,"showMaterialUpdate":false,"showSkybox":true,"showFlares":true,"showImageEffects":true,"showParticleSystems":true},"in2DMode":false,"pivot":{"x":1.4549187421798707,"y":-0.3080790936946869,"z":-0.9275351762771606},"rotation":{"x":-0.102279432117939,"y":-0.8890647888183594,"z":0.2435457706451416,"w":-0.3740139901638031},"size":5.143656253814697,"orthographic":false}